<?xml version="1.0" encoding="UTF-8"?>
<configurationDescriptor version="80">
  <logicalFolder name="root" displayName="root" projectFiles="true" kind="ROOT">
    <logicalFolder name="HeaderFiles"
                   displayName="Header Files"
                   projectFiles="true">
    </logicalFolder>
    <logicalFolder name="ResourceFiles"
                   displayName="Resource Files"
                   projectFiles="true">
    </logicalFolder>
    <logicalFolder name="SourceFiles"
                   displayName="Source Files"
                   projectFiles="true">
      <itemPath>main.cpp</itemPath>
    </logicalFolder>
    <logicalFolder name="ExternalFiles"
                   displayName="Important Files"
                   projectFiles="false">
      <itemPath>Makefile</itemPath>
    </logicalFolder>
  </logicalFolder>
  <projectmakefile>Makefile</projectmakefile>
  <confs>
    <conf name="Debug" type="1">
      <toolsSet>
        <remote-sources-mode>LOCAL_SOURCES</remote-sources-mode>
        <compilerSet>GNU|GNU</compilerSet>
      </toolsSet>
      <compileType>
        <ccTool>
          <incDir>
            <pElem>../inc</pElem>
          </incDir>
          <commandLine>-fshort-wchar</commandLine>
        </ccTool>
        <linkerTool>
          <output>../samples/debug/kompex_sqlite_example</output>
          <commandlineTool>g++</commandlineTool>
          <linkerLibItems>
            <linkerLibFileItem>../lib/debug/KompexSQLiteWrapper_Static_d.a</linkerLibFileItem>
            <linkerLibLibItem>pthread</linkerLibLibItem>
            <linkerLibLibItem>dl</linkerLibLibItem>
          </linkerLibItems>
        </linkerTool>
      </compileType>
    </conf>
    <conf name="Release" type="1">
      <toolsSet>
        <remote-sources-mode>LOCAL_SOURCES</remote-sources-mode>
        <compilerSet>GNU|GNU</compilerSet>
      </toolsSet>
      <compileType>
        <cTool>
          <developmentMode>5</developmentMode>
        </cTool>
        <ccTool>
          <developmentMode>5</developmentMode>
          <incDir>
            <pElem>../inc</pElem>
          </incDir>
          <commandLine>-fshort-wchar</commandLine>
        </ccTool>
        <fortranCompilerTool>
          <developmentMode>5</developmentMode>
        </fortranCompilerTool>
        <linkerTool>
          <output>../samples/release/kompex_sqlite_example</output>
          <linkerLibItems>
            <linkerLibFileItem>../lib/release/KompexSQLiteWrapper_Static.a</linkerLibFileItem>
            <linkerLibLibItem>pthread</linkerLibLibItem>
            <linkerLibLibItem>dl</linkerLibLibItem>
          </linkerLibItems>
        </linkerTool>
      </compileType>
    </conf>
  </confs>
</configurationDescriptor>
