<?xml version="1.0" encoding="UTF-8"?>
<configurationDescriptor version="80">
  <logicalFolder name="root" displayName="root" projectFiles="true" kind="ROOT">
    <logicalFolder name="HeaderFiles"
                   displayName="Header Files"
                   projectFiles="true">
      <itemPath>../inc/KompexSQLiteBlob.h</itemPath>
      <itemPath>../inc/KompexSQLiteDatabase.h</itemPath>
      <itemPath>../inc/KompexSQLiteException.h</itemPath>
      <itemPath>../inc/KompexSQLitePrerequisites.h</itemPath>
      <itemPath>../inc/KompexSQLiteStatement.h</itemPath>
      <itemPath>../inc/KompexSQLiteStreamRedirection.h</itemPath>
      <itemPath>../inc/sqlite3.h</itemPath>
      <itemPath>../inc/sqlite3ext.h</itemPath>
    </logicalFolder>
    <logicalFolder name="ResourceFiles"
                   displayName="Resource Files"
                   projectFiles="true">
    </logicalFolder>
    <logicalFolder name="SourceFiles"
                   displayName="Source Files"
                   projectFiles="true">
      <itemPath>../src/KompexSQLiteBlob.cpp</itemPath>
      <itemPath>../src/KompexSQLiteDatabase.cpp</itemPath>
      <itemPath>../src/KompexSQLiteStatement.cpp</itemPath>
      <itemPath>../src/sqlite3.c</itemPath>
    </logicalFolder>
    <logicalFolder name="ExternalFiles"
                   displayName="Important Files"
                   projectFiles="false">
      <itemPath>Makefile</itemPath>
    </logicalFolder>
  </logicalFolder>
  <sourceRootList>
    <Elem>inc</Elem>
    <Elem>src</Elem>
  </sourceRootList>
  <projectmakefile>Makefile</projectmakefile>
  <confs>
    <conf name="DebugStaticLib" type="3">
      <toolsSet>
        <remote-sources-mode>LOCAL_SOURCES</remote-sources-mode>
        <compilerSet>GNU|GNU</compilerSet>
      </toolsSet>
      <compileType>
        <ccTool>
          <incDir>
            <pElem>../inc</pElem>
          </incDir>
        </ccTool>
        <archiverTool>
          <output>../lib/debug/KompexSQLiteWrapper_Static_d.a</output>
        </archiverTool>
      </compileType>
      <packaging>
        <packType>Tar</packType>
        <output>../lib/debug</output>
        <packFileList>
          <packFileListElem type="File"
                            to="${OUTPUT_PATH}"
                            from="${OUTPUT_PATH}"
                            perm="644"
                            owner="root"
                            group="bin"/>
        </packFileList>
      </packaging>
    </conf>
    <conf name="ReleaseStaticLib" type="3">
      <toolsSet>
        <remote-sources-mode>LOCAL_SOURCES</remote-sources-mode>
        <compilerSet>GNU|GNU</compilerSet>
      </toolsSet>
      <compileType>
        <cTool>
          <developmentMode>5</developmentMode>
        </cTool>
        <ccTool>
          <developmentMode>5</developmentMode>
          <incDir>
            <pElem>../inc</pElem>
          </incDir>
        </ccTool>
        <fortranCompilerTool>
          <developmentMode>5</developmentMode>
        </fortranCompilerTool>
        <archiverTool>
          <output>../lib/release/KompexSQLiteWrapper_Static.a</output>
        </archiverTool>
      </compileType>
      <packaging>
        <packType>Tar</packType>
        <output>../lib/release</output>
        <packFileList>
          <packFileListElem type="File"
                            to="${OUTPUT_PATH}"
                            from="${OUTPUT_PATH}"
                            perm="644"
                            owner="root"
                            group="bin"/>
        </packFileList>
      </packaging>
    </conf>
    <conf name="ReleaseDynamicLib" type="2">
      <toolsSet>
        <remote-sources-mode>LOCAL_SOURCES</remote-sources-mode>
        <compilerSet>GNU|GNU</compilerSet>
      </toolsSet>
      <compileType>
        <cTool>
          <developmentMode>5</developmentMode>
          <commandlineTool>gcc</commandlineTool>
        </cTool>
        <ccTool>
          <developmentMode>5</developmentMode>
          <incDir>
            <pElem>../inc</pElem>
          </incDir>
          <preprocessorList>
            <Elem>KOMPEX_SQLITEWRAPPER_DYN</Elem>
            <Elem>KOMPEX_SQLITEWRAPPER_EXPORT</Elem>
          </preprocessorList>
        </ccTool>
        <fortranCompilerTool>
          <developmentMode>5</developmentMode>
        </fortranCompilerTool>
        <linkerTool>
          <output>../lib/release/KompexSQLiteWrapper.so</output>
        </linkerTool>
      </compileType>
      <packaging>
        <packType>Tar</packType>
        <output>../lib/release</output>
        <packTopDir>release</packTopDir>
        <packFileList>
          <packFileListElem type="File"
                            to="${OUTPUT_PATH}"
                            from="${OUTPUT_PATH}"
                            perm="644"
                            owner="root"
                            group="bin"/>
        </packFileList>
      </packaging>
    </conf>
    <conf name="DebugDynamicLib" type="2">
      <toolsSet>
        <remote-sources-mode>LOCAL_SOURCES</remote-sources-mode>
        <compilerSet>GNU|GNU</compilerSet>
      </toolsSet>
      <compileType>
        <cTool>
          <commandlineTool>gcc</commandlineTool>
        </cTool>
        <ccTool>
          <incDir>
            <pElem>../inc</pElem>
          </incDir>
          <preprocessorList>
            <Elem>KOMPEX_SQLITEWRAPPER_DYN</Elem>
            <Elem>KOMPEX_SQLITEWRAPPER_EXPORT</Elem>
          </preprocessorList>
        </ccTool>
        <linkerTool>
          <output>../lib/debug/KompexSQLiteWrapper_d.so</output>
        </linkerTool>
      </compileType>
      <packaging>
        <packType>Tar</packType>
        <output>../lib/debug</output>
        <packTopDir>debug</packTopDir>
        <packFileList>
          <packFileListElem type="File"
                            to="${OUTPUT_PATH}"
                            from="${OUTPUT_PATH}"
                            perm="644"
                            owner="root"
                            group="bin"/>
        </packFileList>
      </packaging>
    </conf>
  </confs>
</configurationDescriptor>
