<?xml version="1.0" encoding="UTF-8"?>
<project xmlns="http://www.netbeans.org/ns/project/1">
    <type>org.netbeans.modules.cnd.makeproject</type>
    <configuration>
        <data xmlns="http://www.netbeans.org/ns/make-project/1">
            <name>Kompex-SQLite-Wrapper</name>
            <make-project-type>0</make-project-type>
            <c-extensions>c</c-extensions>
            <cpp-extensions>cpp</cpp-extensions>
            <header-extensions>h</header-extensions>
            <sourceEncoding>UTF-8</sourceEncoding>
            <make-dep-projects/>
            <sourceRootList>
                <sourceRootElem>inc</sourceRootElem>
                <sourceRootElem>src</sourceRootElem>
            </sourceRootList>
            <confList>
                <confElem>
                    <name>DebugStaticLib</name>
                    <type>3</type>
                </confElem>
                <confElem>
                    <name>ReleaseStaticLib</name>
                    <type>3</type>
                </confElem>
                <confElem>
                    <name>ReleaseDynamicLib</name>
                    <type>2</type>
                </confElem>
                <confElem>
                    <name>DebugDynamicLib</name>
                    <type>2</type>
                </confElem>
            </confList>
        </data>
    </configuration>
</project>
